{"ethers.signMessage":[12934999.998833656,2444999.998260498,2104999.9995737076,2959999.9979834557,8009999.997739315,3490000.002784729,12774999.99559927,2719999.996770382,1569999.9930801392,1479999.9989919662,1750000.0030851364,1964999.9958343506,1739999.9996995926,1824999.9993710518,1604999.9976530075,1779999.9986886978,1499999.9984869957,2035000.0049800873,1534999.995783329,3044999.9976553917,2905000.001192093,1579999.996465683,1635000.000533104,1589999.9998512268,1405000.002705574,1749999.9958090782,1405000.002705574,1414999.9988150597,3494999.997200966,1425000.0022001266,1754999.9975018501,1664999.996137619,1365000.003715992,1974999.9992198944,2339999.9990944862,1400000.0010128021,1839999.9971737862,1374999.9998254776,1409999.9971222878,1374999.9998254776,1394999.9993200302,1344999.9969449043,1394999.9993200302,1394999.999320507,1575000.0020489693,1360000.00202322,1405000.002705574,1355000.000330925,1425000.0022001266,1454999.9978046417,1510000.001871109,2080000.005662918,1789999.9947986603,1595000.0015439987,1575000.0020484924,1619999.9954547882,1380000.0015172958,1534999.9957838058,2150000.0002555847,1385000.0032110214,1639999.9949502945,1440000.0000019073,1290000.0001535416,1769999.995303154,1609999.9993457794,1394999.9993200302,1284999.9984607697,1404999.9954299927,1379999.9942417145,1329999.9991436005,1515000.0035648346,1429999.9966163635,1295000.0018463135,1360000.0020227432,1485000.0006847382,1524999.9996738434,1669999.9978294373,1470000.0028820038,1664999.9961366653,1385000.0032100677,1339999.9952526093,1305000.0052318573,1300000.0035390854,1389999.9976272583,1479999.9989919662,1550000.000861168,1479999.9989919662,1824999.9993715286,1539999.997475624,1469999.9956064224,1399999.9937372208,1434999.998310089,1284999.9984607697,1970000.0048036575,1370000.0054092407,1329999.9991426468,1540000.0047521591,1374999.9998254776,1274999.9950761795,1319999.995757103],"ethers.signMessage2":[5620000.003546238,2724999.998463154,3414999.9992222786,4620000.006980419,2935000.0040721893,5490000.003191948,2025000.0015950203,2329999.9957089424,1544999.9991688728,10354999.998526096,1769999.9953036308,1770000.002579689,2814999.999827862,1884999.9978556633,1655000.0000281334,1530000.0013670921,1655000.0000281334,2435000.0021510124,1510000.0018720627,2019999.9999022484,1690000.004600525,1479999.9989919662,2934999.996796131,1599999.9959602356,2695000.0028591156,1874999.9944701195,1464999.9939136505,2925000.0006866455,2014999.9982094765,1595000.0015435219,1669999.997830391,1485000.0006847382,1519999.9979815483,1459999.9994969368,2325000.0012922287,1434999.9983096123,2029999.996011734,1580000.0037417412,1609999.9993457794,1645000.0039186478,1429999.9966168404,1609999.9993457794,1555000.0025539398,1589999.9998512268,1445000.0016946793,1425000.0022001266,1435000.0055856705,2580000.000307083,1639999.9949502945,1700000.0007095337,3255000.003264427,1620000.0027313232,1810000.0015687943,4715000.002760887,4404999.999678612,1589999.9998512268,1930000.0058135986,1884999.9978551865,1615000.0010385513,1385000.0032110214,2175000.0014429092,1490000.00237751,1364999.9964399338,1604999.9976530075,1835000.0027570724,1440000.000002861,1369999.9981327057,1474999.9972991943,1364999.9964399338,1385000.0032110214,2744999.9979572296,1465000.0011901855,1405000.002705574,1509999.9945964813,1540000.0047521591,1399999.993736267,1565000.0059394836,1570000.0003557205,1834999.9954805374,1445000.0016946793,1374999.9998254776,1370000.005408287,1405000.0027046204,1605000.0049295425,1540000.0047521591,1394999.9993200302,1380000.0015182495,1759999.9991941452,1400000.0010128021,1524999.9996738434,2169999.999751091,1380000.0015182495,5590000.000665665,1575000.002049446,1350000.0059137344,1355000.000330925,1404999.9954299927,1394999.9993200302,1355000.000330925,1380000.0015182495],"nitro.signState":[19755000.001168728,12490000.0009799,13664999.998581886,9304999.999585629,23410000.001604557,11205000.00251913,6735000.002663612,7480000.000214577,16020000.002754688,8620000.000519276,16445000.001112938,5550000.001676559,8184999.998775005,4880000.000412464,7480000.0002141,5985000.003420353,5080000.002635479,9365000.005345821,5180000.000109196,5335000.00165081,5709999.997634411,10635000.00600481,6369999.995513439,4844999.995839119,8104999.99352026,5610000.000160694,4654999.997001171,5539999.998291016,5680000.002030373,4809999.998542309,5245000.000286102,4704999.999376297,5489999.995916367,6255000.000237465,5474999.998114109,4840000.001422882,5939999.995462418,4415000.003063679,4980000.005161762,4435000.002558708,4634999.997506142,4565000.002912521,6255000.000237465,4804999.996850014,4589999.9968242645,4504999.9971523285,4495000.001042843,5935000.001045227,6464999.998570919,4725000.006146431,5104999.996546745,4930000.002786636,7300000.004761696,6720000.004861832,5010000.0007658005,6430000.001274109,5215000.004682541,4914999.997708321,4619999.999704361,4495000.00104332,6229999.99905014,4544999.996141434,6190000.000061035,4469999.999855995,5964999.996648788,4339999.999501228,4584999.995131493,4854999.999224663,4594999.998517036,5010000.0007658005,6809999.998950005,4354999.997303963,4369999.995105743,6909999.996423721,5655000.000843048,4314999.9983148575,4795000.000741005,6974999.996601105,4495000.00104332,4585000.002408028,4475000.001548767,4444999.998668671,5249999.994703293,4294999.998819351,4300000.000512123,4339999.999502182,4209999.999148369,5830000.001878738,4399999.99798584,4769999.999552727,4965000.000083923,4880000.000411987,5069999.999250412,7700000.001932144,4515000.000537872,4585000.002408028,4339999.999501228,4209999.999147415,4225000.004226685,4174999.9945755005],"nitro.getStateSignerAddress":[16374999.99924326,10149999.994609833,14999999.999418259,11124999.997263908,7709999.99804163,15424999.997776508,8490000.000165462,6370000.002789497,5429999.997431755,10159999.997995377,8734999.99579525,6205000.005138874,8099999.999103546,7245000.000693798,5580000.004556656,5684999.996447086,5814999.9968008995,8424999.999988556,6370000.002789021,5109999.998239994,5669999.998644829,6540000.002132893,11834999.997518063,4689999.994297981,6004999.995638847,4619999.999703884,4914999.997709274,5375000.000640392,5470000.003697395,8429999.99440527,4789999.999047756,4710000.001069069,6535000.000440121,7124999.996448994,4910000.003292084,4809999.998542786,4669999.994803429,8214999.99437952,5085000.004328251,13999999.995576382,4670000.00207901,6259999.994654179,5119999.99434948,4559999.993944168,4800000.0024333,4694999.995990753,4625000.001397133,4590000.004100323,5349999.999453545,4560000.001220703,5494999.9976091385,5160000.000614166,5384999.996749878,6414999.996195793,6925000.001502037,4489999.999350548,5064999.99755764,4480000.003240585,5270000.001473427,4824999.996344566,4569999.997328758,4280000.0010175705,5060000.003141403,4515000.000537872,5284999.999276161,4445000.005943298,4934999.997202873,4715000.002760887,4305000.002204895,5655000.000843048,6999999.997788429,4504999.997153282,4475000.001547813,5595000.002358437,4575000.006298065,4320000.000007629,5004999.999073982,5209999.995713234,5020000.004151344,4280000.0010175705,4245000.003721237,4305000.002204895,4740000.003949165,4424999.999173164,4450000.000360489,4340000.006777763,5229999.99520874,4750000.000058174,5920000.003243446,4495000.00104332,4349999.995611191,4444999.998667717,5290000.000968933,4355000.004579544,4259999.994246483,6889999.996928215,4390000.001875877,4424999.999173164,4394999.996293068,4515000.000537872]}